[
    {
        "_id": {
            "$oid": "65f101ab4a10d9746e319e37"
        },
        "id": 1,
        "num": "001",
        "name": "Bulbasaur",
        "img": "http://www.serebii.net/pokemongo/pokemon/001.png",
        "type": [
            "Grass",
            "Poison"
        ],
        "height": "0.71 m",
        "weight": "6.9 kg",
        "candy": "Bulbasaur Candy",
        "candy_count": 25,
        "egg": "2 km",
        "spawn_chance": 0.69,
        "avg_spawns": 69,
        "spawn_time": "20:00",
        "multipliers": [
            1.58
        ],
        "weaknesses": [
            "Fire",
            "Ice",
            "Flying",
            "Psychic"
        ],
        "next_evolution": [
            {
                "num": "002",
                "name": "Ivysaur"
            },
            {
                "num": "003",
                "name": "Venusaur"
            }
        ]
    },
    {
        "_id": {
            "$oid": "65f101ab4a10d9746e319e38"
        },
        "id": 2,
        "num": "002",
        "name": "Ivysaur",
        "img": "http://www.serebii.net/pokemongo/pokemon/002.png",
        "type": [
            "Grass",
            "Poison"
        ],
        "height": "0.99 m",
        "weight": "13.0 kg",
        "candy": "Bulbasaur Candy",
        "candy_count": 100,
        "egg": "Not in Eggs",
        "spawn_chance": 0.042,
        "avg_spawns": 4.2,
        "spawn_time": "07:00",
        "multipliers": [
            1.2,
            1.6
        ],
        "weaknesses": [
            "Fire",
            "Ice",
            "Flying",
            "Psychic"
        ],
        "prev_evolution": [
            {
                "num": "001",
                "name": "Bulbasaur"
            }
        ],
        "next_evolution": [
            {
                "num": "003",
                "name": "Venusaur"
            }
        ]
    },
    {
        "_id": {
            "$oid": "65f101ab4a10d9746e319e43"
        },
        "id": 13,
        "num": "013",
        "name": "Weedle",
        "img": "http://www.serebii.net/pokemongo/pokemon/013.png",
        "type": [
            "Bug",
            "Poison"
        ],
        "height": "0.30 m",
        "weight": "3.2 kg",
        "candy": "Weedle Candy",
        "candy_count": 12,
        "egg": "2 km",
        "spawn_chance": 7.12,
        "avg_spawns": 712,
        "spawn_time": "02:21",
        "multipliers": [
            1.01,
            1.09
        ],
        "weaknesses": [
            "Fire",
            "Flying",
            "Psychic",
            "Rock"
        ],
        "next_evolution": [
            {
                "num": "014",
                "name": "Kakuna"
            },
            {
                "num": "015",
                "name": "Beedrill"
            }
        ]
    },
    {
        "_id": {
            "$oid": "65f101ab4a10d9746e319e44"
        },
        "id": 14,
        "num": "014",
        "name": "Kakuna",
        "img": "http://www.serebii.net/pokemongo/pokemon/014.png",
        "type": [
            "Bug",
            "Poison"
        ],
        "height": "0.61 m",
        "weight": "10.0 kg",
        "candy": "Weedle Candy",
        "candy_count": 50,
        "egg": "Not in Eggs",
        "spawn_chance": 0.44,
        "avg_spawns": 44,
        "spawn_time": "02:30",
        "multipliers": [
            3.01,
            3.41
        ],
        "weaknesses": [
            "Fire",
            "Flying",
            "Psychic",
            "Rock"
        ],
        "prev_evolution": [
            {
                "num": "013",
                "name": "Weedle"
            }
        ],
        "next_evolution": [
            {
                "num": "015",
                "name": "Beedrill"
            }
        ]
    },
    {
        "_id": {
            "$oid": "65f101ab4a10d9746e319e4d"
        },
        "id": 23,
        "num": "023",
        "name": "Ekans",
        "img": "http://www.serebii.net/pokemongo/pokemon/023.png",
        "type": [
            "Poison"
        ],
        "height": "2.01 m",
        "weight": "6.9 kg",
        "candy": "Ekans Candy",
        "candy_count": 50,
        "egg": "5 km",
        "spawn_chance": 2.27,
        "avg_spawns": 227,
        "spawn_time": "12:20",
        "multipliers": [
            2.21,
            2.27
        ],
        "weaknesses": [
            "Ground",
            "Psychic"
        ],
        "next_evolution": [
            {
                "num": "024",
                "name": "Arbok"
            }
        ]
    },
    {
        "_id": {
            "$oid": "65f101ab4a10d9746e319e53"
        },
        "id": 29,
        "num": "029",
        "name": "Nidoran \u00e2\u2122\u20ac (Female)",
        "img": "http://www.serebii.net/pokemongo/pokemon/029.png",
        "type": [
            "Poison"
        ],
        "height": "0.41 m",
        "weight": "7.0 kg",
        "candy": "Nidoran \u00e2\u2122\u20ac (Female) Candy",
        "candy_count": 25,
        "egg": "5 km",
        "spawn_chance": 1.38,
        "avg_spawns": 138,
        "spawn_time": "01:51",
        "multipliers": [
            1.63,
            2.48
        ],
        "weaknesses": [
            "Ground",
            "Psychic"
        ],
        "next_evolution": [
            {
                "num": "030",
                "name": "Nidorina"
            },
            {
                "num": "031",
                "name": "Nidoqueen"
            }
        ]
    },
    {
        "_id": {
            "$oid": "65f101ab4a10d9746e319e54"
        },
        "id": 30,
        "num": "030",
        "name": "Nidorina",
        "img": "http://www.serebii.net/pokemongo/pokemon/030.png",
        "type": [
            "Poison"
        ],
        "height": "0.79 m",
        "weight": "20.0 kg",
        "candy": "Nidoran \u00e2\u2122\u20ac (Female) Candy",
        "candy_count": 100,
        "egg": "Not in Eggs",
        "spawn_chance": 0.088,
        "avg_spawns": 8.8,
        "spawn_time": "07:22",
        "multipliers": [
            1.83,
            2.48
        ],
        "weaknesses": [
            "Ground",
            "Psychic"
        ],
        "prev_evolution": [
            {
                "num": "029",
                "name": "Nidoran(Female)"
            }
        ],
        "next_evolution": [
            {
                "num": "031",
                "name": "Nidoqueen"
            }
        ]
    },
    {
        "_id": {
            "$oid": "65f101ab4a10d9746e319e56"
        },
        "id": 32,
        "num": "032",
        "name": "Nidoran \u00e2\u2122\u201a (Male)",
        "img": "http://www.serebii.net/pokemongo/pokemon/032.png",
        "type": [
            "Poison"
        ],
        "height": "0.51 m",
        "weight": "9.0 kg",
        "candy": "Nidoran \u00e2\u2122\u201a (Male) Candy",
        "candy_count": 25,
        "egg": "5 km",
        "spawn_chance": 1.31,
        "avg_spawns": 131,
        "spawn_time": "01:12",
        "multipliers": [
            1.64,
            1.7
        ],
        "weaknesses": [
            "Ground",
            "Psychic"
        ],
        "next_evolution": [
            {
                "num": "033",
                "name": "Nidorino"
            },
            {
                "num": "034",
                "name": "Nidoking"
            }
        ]
    },
    {
        "_id": {
            "$oid": "65f101ab4a10d9746e319e57"
        },
        "id": 33,
        "num": "033",
        "name": "Nidorino",
        "img": "http://www.serebii.net/pokemongo/pokemon/033.png",
        "type": [
            "Poison"
        ],
        "height": "0.89 m",
        "weight": "19.5 kg",
        "candy": "Nidoran \u00e2\u2122\u201a (Male) Candy",
        "candy_count": 100,
        "egg": "Not in Eggs",
        "spawn_chance": 0.083,
        "avg_spawns": 8.3,
        "spawn_time": "09:02",
        "multipliers": [
            1.83
        ],
        "weaknesses": [
            "Ground",
            "Psychic"
        ],
        "prev_evolution": [
            {
                "num": "032",
                "name": "Nidoran(Male)"
            }
        ],
        "next_evolution": [
            {
                "num": "034",
                "name": "Nidoking"
            }
        ]
    },
    {
        "_id": {
            "$oid": "65f101ab4a10d9746e319e5f"
        },
        "id": 41,
        "num": "041",
        "name": "Zubat",
        "img": "http://www.serebii.net/pokemongo/pokemon/041.png",
        "type": [
            "Poison",
            "Flying"
        ],
        "height": "0.79 m",
        "weight": "7.5 kg",
        "candy": "Zubat Candy",
        "candy_count": 50,
        "egg": "2 km",
        "spawn_chance": 6.52,
        "avg_spawns": 652,
        "spawn_time": "12:28",
        "multipliers": [
            2.6,
            3.67
        ],
        "weaknesses": [
            "Electric",
            "Ice",
            "Psychic",
            "Rock"
        ],
        "next_evolution": [
            {
                "num": "042",
                "name": "Golbat"
            }
        ]
    },
    {
        "_id": {
            "$oid": "65f101ab4a10d9746e319e61"
        },
        "id": 43,
        "num": "043",
        "name": "Oddish",
        "img": "http://www.serebii.net/pokemongo/pokemon/043.png",
        "type": [
            "Grass",
            "Poison"
        ],
        "height": "0.51 m",
        "weight": "5.4 kg",
        "candy": "Oddish Candy",
        "candy_count": 25,
        "egg": "5 km",
        "spawn_chance": 1.02,
        "avg_spawns": 102,
        "spawn_time": "03:58",
        "multipliers": [
            1.5
        ],
        "weaknesses": [
            "Fire",
            "Ice",
            "Flying",
            "Psychic"
        ],
        "next_evolution": [
            {
                "num": "044",
                "name": "Gloom"
            },
            {
                "num": "045",
                "name": "Vileplume"
            }
        ]
    },
    {
        "_id": {
            "$oid": "65f101ab4a10d9746e319e62"
        },
        "id": 44,
        "num": "044",
        "name": "Gloom",
        "img": "http://www.serebii.net/pokemongo/pokemon/044.png",
        "type": [
            "Grass",
            "Poison"
        ],
        "height": "0.79 m",
        "weight": "8.6 kg",
        "candy": "Oddish Candy",
        "candy_count": 100,
        "egg": "Not in Eggs",
        "spawn_chance": 0.064,
        "avg_spawns": 6.4,
        "spawn_time": "11:33",
        "multipliers": [
            1.49
        ],
        "weaknesses": [
            "Fire",
            "Ice",
            "Flying",
            "Psychic"
        ],
        "prev_evolution": [
            {
                "num": "043",
                "name": "Oddish"
            }
        ],
        "next_evolution": [
            {
                "num": "045",
                "name": "Vileplume"
            }
        ]
    },
    {
        "_id": {
            "$oid": "65f101ab4a10d9746e319e64"
        },
        "id": 46,
        "num": "046",
        "name": "Paras",
        "img": "http://www.serebii.net/pokemongo/pokemon/046.png",
        "type": [
            "Bug",
            "Grass"
        ],
        "height": "0.30 m",
        "weight": "5.4 kg",
        "candy": "Paras Candy",
        "candy_count": 50,
        "egg": "5 km",
        "spawn_chance": 2.36,
        "avg_spawns": 236,
        "spawn_time": "01:42",
        "multipliers": [
            2.02
        ],
        "weaknesses": [
            "Fire",
            "Ice",
            "Poison",
            "Flying",
            "Bug",
            "Rock"
        ],
        "next_evolution": [
            {
                "num": "047",
                "name": "Parasect"
            }
        ]
    },
    {
        "_id": {
            "$oid": "65f101ab4a10d9746e319e66"
        },
        "id": 48,
        "num": "048",
        "name": "Venonat",
        "img": "http://www.serebii.net/pokemongo/pokemon/048.png",
        "type": [
            "Bug",
            "Poison"
        ],
        "height": "0.99 m",
        "weight": "30.0 kg",
        "candy": "Venonat Candy",
        "candy_count": 50,
        "egg": "5 km",
        "spawn_chance": 2.28,
        "avg_spawns": 228,
        "spawn_time": "02:31",
        "multipliers": [
            1.86,
            1.9
        ],
        "weaknesses": [
            "Fire",
            "Flying",
            "Psychic",
            "Rock"
        ],
        "next_evolution": [
            {
                "num": "049",
                "name": "Venomoth"
            }
        ]
    },
    {
        "_id": {
            "$oid": "65f101ab4a10d9746e319e7b"
        },
        "id": 69,
        "num": "069",
        "name": "Bellsprout",
        "img": "http://www.serebii.net/pokemongo/pokemon/069.png",
        "type": [
            "Grass",
            "Poison"
        ],
        "height": "0.71 m",
        "weight": "4.0 kg",
        "candy": "Bellsprout Candy",
        "candy_count": 25,
        "egg": "5 km",
        "spawn_chance": 1.15,
        "avg_spawns": 115,
        "spawn_time": "04:10",
        "multipliers": [
            1.57
        ],
        "weaknesses": [
            "Fire",
            "Ice",
            "Flying",
            "Psychic"
        ],
        "next_evolution": [
            {
                "num": "070",
                "name": "Weepinbell"
            },
            {
                "num": "071",
                "name": "Victreebel"
            }
        ]
    },
    {
        "_id": {
            "$oid": "65f101ab4a10d9746e319e7c"
        },
        "id": 70,
        "num": "070",
        "name": "Weepinbell",
        "img": "http://www.serebii.net/pokemongo/pokemon/070.png",
        "type": [
            "Grass",
            "Poison"
        ],
        "height": "0.99 m",
        "weight": "6.4 kg",
        "candy": "Bellsprout Candy",
        "candy_count": 100,
        "egg": "Not in Eggs",
        "spawn_chance": 0.072,
        "avg_spawns": 7.2,
        "spawn_time": "09:45",
        "multipliers": [
            1.59
        ],
        "weaknesses": [
            "Fire",
            "Ice",
            "Flying",
            "Psychic"
        ],
        "prev_evolution": [
            {
                "num": "069",
                "name": "Bellsprout"
            }
        ],
        "next_evolution": [
            {
                "num": "071",
                "name": "Victreebel"
            }
        ]
    },
    {
        "_id": {
            "$oid": "65f101ab4a10d9746e319e7e"
        },
        "id": 72,
        "num": "072",
        "name": "Tentacool",
        "img": "http://www.serebii.net/pokemongo/pokemon/072.png",
        "type": [
            "Water",
            "Poison"
        ],
        "height": "0.89 m",
        "weight": "45.5 kg",
        "candy": "Tentacool Candy",
        "candy_count": 50,
        "egg": "5 km",
        "spawn_chance": 0.81,
        "avg_spawns": 81,
        "spawn_time": "03:20",
        "multipliers": [
            2.52
        ],
        "weaknesses": [
            "Electric",
            "Ground",
            "Psychic"
        ],
        "next_evolution": [
            {
                "num": "073",
                "name": "Tentacruel"
            }
        ]
    },
    {
        "_id": {
            "$oid": "65f101ab4a10d9746e319e8e"
        },
        "id": 88,
        "num": "088",
        "name": "Grimer",
        "img": "http://www.serebii.net/pokemongo/pokemon/088.png",
        "type": [
            "Poison"
        ],
        "height": "0.89 m",
        "weight": "30.0 kg",
        "candy": "Grimer Candy",
        "candy_count": 50,
        "egg": "5 km",
        "spawn_chance": 0.052,
        "avg_spawns": 5.2,
        "spawn_time": "15:11",
        "multipliers": [
            2.44
        ],
        "weaknesses": [
            "Ground",
            "Psychic"
        ],
        "next_evolution": [
            {
                "num": "089",
                "name": "Muk"
            }
        ]
    },
    {
        "_id": {
            "$oid": "65f101ab4a10d9746e319e92"
        },
        "id": 92,
        "num": "092",
        "name": "Gastly",
        "img": "http://www.serebii.net/pokemongo/pokemon/092.png",
        "type": [
            "Ghost",
            "Poison"
        ],
        "height": "1.30 m",
        "weight": "0.1 kg",
        "candy": "Gastly Candy",
        "candy_count": 25,
        "egg": "5 km",
        "spawn_chance": 0.79,
        "avg_spawns": 79,
        "spawn_time": "04:21",
        "multipliers": [
            1.78
        ],
        "weaknesses": [
            "Ground",
            "Psychic",
            "Ghost",
            "Dark"
        ],
        "next_evolution": [
            {
                "num": "093",
                "name": "Haunter"
            },
            {
                "num": "094",
                "name": "Gengar"
            }
        ]
    },
    {
        "_id": {
            "$oid": "65f101ab4a10d9746e319e93"
        },
        "id": 93,
        "num": "093",
        "name": "Haunter",
        "img": "http://www.serebii.net/pokemongo/pokemon/093.png",
        "type": [
            "Ghost",
            "Poison"
        ],
        "height": "1.60 m",
        "weight": "0.1 kg",
        "candy": "Gastly Candy",
        "candy_count": 100,
        "egg": "Not in Eggs",
        "spawn_chance": 0.052,
        "avg_spawns": 5.2,
        "spawn_time": "00:10",
        "multipliers": [
            1.56,
            1.8
        ],
        "weaknesses": [
            "Ground",
            "Psychic",
            "Ghost",
            "Dark"
        ],
        "prev_evolution": [
            {
                "num": "092",
                "name": "Gastly"
            }
        ],
        "next_evolution": [
            {
                "num": "094",
                "name": "Gengar"
            }
        ]
    },
    {
        "_id": {
            "$oid": "65f101ab4a10d9746e319e9c"
        },
        "id": 102,
        "num": "102",
        "name": "Exeggcute",
        "img": "http://www.serebii.net/pokemongo/pokemon/102.png",
        "type": [
            "Grass",
            "Psychic"
        ],
        "height": "0.41 m",
        "weight": "2.5 kg",
        "candy": "Exeggcute Candy",
        "candy_count": 50,
        "egg": "5 km",
        "spawn_chance": 0.78,
        "avg_spawns": 78,
        "spawn_time": "09:09",
        "multipliers": [
            2.7,
            3.18
        ],
        "weaknesses": [
            "Fire",
            "Ice",
            "Poison",
            "Flying",
            "Bug",
            "Ghost",
            "Dark"
        ],
        "next_evolution": [
            {
                "num": "103",
                "name": "Exeggutor"
            }
        ]
    },
    {
        "_id": {
            "$oid": "65f101ab4a10d9746e319ea3"
        },
        "id": 109,
        "num": "109",
        "name": "Koffing",
        "img": "http://www.serebii.net/pokemongo/pokemon/109.png",
        "type": [
            "Poison"
        ],
        "height": "0.61 m",
        "weight": "1.0 kg",
        "candy": "Koffing Candy",
        "candy_count": 50,
        "egg": "5 km",
        "spawn_chance": 0.2,
        "avg_spawns": 20,
        "spawn_time": "08:16",
        "multipliers": [
            1.11
        ],
        "weaknesses": [
            "Ground",
            "Psychic"
        ],
        "next_evolution": [
            {
                "num": "110",
                "name": "Weezing"
            }
        ]
    }
]